3,76,89,113,141,215,244,284,
2,31,58,59,61,132,134,143,146,150,161,166,182,187,219,240,255,262,267,
59,187,203,262,
5,24,37,70,76,103,141,158,159,162,163,191,195,202,213,217,238,284,
17,95,125,156,171,185,189,234,
12,17,75,88,93,100,125,129,173,183,197,230,239,
102,113,
46,138,183,
39,40,49,167,216,252,255,
16,171,190,250,
45,73,110,169,208,212,272,
15,20,27,28,34,38,39,40,64,76,83,98,104,118,153,167,174,177,185,192,203,206,214,225,241,242,244,253,254,259,268,
76,90,131,214,218,220,237,
67,105,149,187,245,
29,34,92,103,119,162,163,210,214,220,232,233,236,284,
13,28,168,
2,
9,23,52,92,97,106,151,178,185,220,228,283,
14,26,40,42,61,84,124,144,146,161,174,184,195,200,210,218,245,254,255,269,280,
23,29,53,163,177,220,
3,17,56,125,126,129,141,155,165,188,197,214,238,259,
171,181,191,
12,19,56,66,75,91,93,126,156,197,
12,21,56,75,88,91,93,100,105,125,126,154,155,185,220,228,233,234,239,271,
1,39,40,69,82,103,137,206,212,265,283,
32,40,44,73,87,113,118,128,134,167,179,180,206,211,240,242,243,254,264,266,280,
73,95,117,189,214,239,
57,80,111,151,164,198,221,229,238,241,283,
7,58,82,133,150,170,172,180,255,265,
72,84,105,184,232,
18,28,35,43,65,82,99,130,139,152,218,225,240,
7,64,142,143,166,187,
10,24,33,143,159,163,167,193,246,254,
3,19,56,76,91,93,117,126,129,141,154,155,183,189,213,214,215,224,230,253,
45,46,74,79,94,124,130,131,147,179,193,208,245,250,263,
20,26,42,61,94,167,191,210,217,245,250,253,254,255,263,285,
7,43,64,65,69,86,87,99,139,143,152,153,172,218,237,240,274,
18,44,67,79,99,118,124,147,209,245,257,263,282,
3,24,29,41,59,76,79,92,103,113,127,138,163,173,183,184,188,191,195,202,210,213,217,238,253,282,284,
30,180,240,258,
52,54,90,114,148,157,163,220,261,
17,19,52,76,78,95,98,100,125,214,239,242,
7,17,39,50,61,84,100,101,104,111,121,124,125,127,130,138,171,173,189,197,203,204,214,217,223,239,250,259,284,
25,157,184,262,
12,78,141,155,173,230,
118,124,172,189,
43,46,190,
21,49,53,112,120,126,255,281,
3,13,34,37,47,61,72,80,98,102,126,158,161,163,167,185,189,199,200,214,222,239,271,272,284,
4,26,61,62,69,105,123,140,144,153,167,174,216,245,255,256,270,
103,104,118,
20,30,31,48,60,69,140,153,167,181,184,206,208,210,216,249,254,264,277,
3,6,34,39,47,59,97,125,127,130,145,164,173,189,200,203,214,231,239,241,259,
54,68,72,76,77,96,118,210,217,242,246,
52,72,76,163,173,196,229,231,235,
16,76,98,173,239,
163,275,
24,30,52,56,64,72,74,92,99,100,121,125,133,142,147,163,213,221,246,272,
21,30,40,49,55,61,62,65,85,136,139,142,146,152,171,180,194,212,237,240,248,264,266,
20,22,28,29,40,59,64,68,73,77,96,98,103,137,142,144,163,172,184,190,210,246,
12,19,91,100,120,158,209,261,
50,68,72,97,98,113,145,195,216,219,232,245,254,276,
11,21,24,45,52,56,57,63,80,120,126,201,231,233,238,244,281,
17,38,41,75,80,97,125,151,171,184,209,223,227,228,235,238,239,242,259,
31,35,69,169,176,184,206,240,260,285,
24,35,61,69,76,95,96,103,115,121,122,163,184,185,217,241,254,261,272,
64,68,77,110,112,130,172,179,182,261,274,
7,22,64,96,133,172,179,261,
36,68,135,143,145,175,276,
104,130,132,147,193,245,
15,25,26,34,39,40,47,61,69,103,153,162,163,220,226,236,241,246,254,
2,22,54,76,96,114,118,124,162,163,189,199,214,224,261,
7,16,31,40,43,55,60,71,82,87,99,182,208,237,244,264,
3,81,197,
7,43,73,222,258,
61,112,138,180,190,217,251,264,
21,80,88,93,100,135,145,163,239,261,
10,14,50,54,68,72,84,98,105,121,125,131,145,160,163,166,175,176,187,188,196,203,214,219,223,224,246,
5,36,45,59,61,64,72,76,95,98,99,108,113,130,142,143,175,184,187,188,191,203,204,209,214,217,220,232,239,244,245,246,270,272,
9,11,23,38,47,52,53,105,115,117,120,122,151,163,199,201,206,254,275,276,281,
44,70,136,158,205,250,
3,8,73,75,76,96,171,173,190,196,203,205,214,221,248,261,272,278,
13,14,40,51,59,76,79,104,107,146,161,193,211,254,255,282,
2,52,95,114,159,163,166,185,188,204,233,244,
36,157,175,
76,155,
24,61,63,108,115,135,159,199,202,204,217,267,
13,52,163,200,203,
46,145,153,
13,14,33,50,58,68,111,143,148,150,157,160,187,203,262,
7,44,48,83,186,211,212,237,257,
10,13,14,25,33,36,58,148,150,157,160,161,166,187,189,204,219,262,270,
61,76,95,126,127,131,132,143,145,159,181,190,209,214,223,231,236,276,
38,75,81,83,88,91,100,117,124,125,154,173,189,209,223,231,239,242,
13,14,20,25,29,34,61,97,98,99,103,105,112,130,157,160,161,169,170,184,185,191,203,206,209,225,242,244,252,263,269,
12,38,80,117,125,129,141,242,
34,36,52,54,103,104,127,157,175,224,242,261,271,
7,20,30,61,64,72,73,105,110,128,140,152,167,174,194,246,261,267,
19,27,38,56,126,129,217,226,244,281,
29,42,64,77,153,167,169,172,174,184,190,191,205,208,212,215,217,251,253,255,256,264,269,
11,21,23,49,120,162,163,164,201,
29,63,64,82,98,128,169,208,212,213,267,274,
83,91,261,
3,54,97,113,114,157,188,219,224,245,254,259,
41,95,96,147,163,176,189,208,211,217,223,239,
2,13,25,58,73,74,79,84,104,124,147,176,187,189,193,204,205,209,219,279,
3,5,37,70,116,117,129,141,158,168,173,188,189,
17,24,29,34,38,47,69,103,111,112,117,124,127,128,130,163,164,173,185,188,191,199,209,214,217,225,226,236,242,244,255,271,275,282,
60,65,99,139,152,208,218,258,260,
15,29,34,76,138,173,192,213,220,
8,54,63,75,76,89,130,131,198,
7,55,101,138,193,194,240,245,257,277,
15,20,29,30,40,76,85,97,103,105,127,144,167,173,184,185,210,216,253,254,272,273,
20,29,51,59,61,69,149,180,195,212,216,232,252,254,255,280,
5,12,45,56,64,72,75,80,83,93,98,100,109,119,120,121,125,126,154,163,171,188,189,203,213,214,223,224,230,239,242,244,259,
21,23,57,95,124,184,185,236,281,
17,50,54,58,76,114,125,148,150,154,156,157,189,204,214,239,262,
75,95,98,125,156,163,175,188,189,191,196,199,214,223,230,231,
1,40,80,115,162,163,199,214,233,239,242,275,278,
49,52,92,119,170,201,238,
32,248,266,
14,40,46,64,68,72,84,96,97,113,133,142,148,173,174,179,198,213,269,270,
7,14,20,35,99,112,144,146,161,162,167,174,203,208,210,254,255,268,272,
1,29,39,41,52,76,81,92,103,121,127,128,163,164,171,173,177,185,190,213,214,227,241,242,259,271,278,284,
36,54,
125,163,189,190,214,261,
12,66,75,88,91,93,100,154,156,171,223,
21,25,95,114,121,125,189,
12,56,66,80,88,93,165,235,
1,11,34,52,82,126,162,163,173,191,213,217,220,242,259,278,281,283,
1,38,81,126,129,138,173,197,205,207,
6,15,27,177,178,192,220,
10,133,138,175,202,217,
12,38,88,100,190,197,284,
7,20,40,43,61,133,139,172,267,274,
52,57,66,80,88,93,95,109,120,125,151,156,163,173,189,199,214,221,227,231,233,235,238,278,
3,61,70,73,138,182,205,208,209,212,245,277,282,
8,28,202,213,217,279,
7,14,20,60,86,104,130,146,153,169,187,191,193,210,217,242,250,268,272,
46,70,73,138,
17,34,45,47,80,111,117,125,127,136,145,156,163,223,231,239,242,281,
47,71,80,109,115,162,199,213,226,231,236,238,242,261,
21,23,29,34,49,59,151,163,201,220,228,244,283,
5,24,27,29,34,94,101,125,163,169,170,173,179,182,199,213,217,225,236,241,245,259,
34,47,52,61,68,90,95,97,113,143,150,160,163,164,184,187,188,195,198,204,206,216,217,219,221,232,241,262,
15,21,59,75,90,113,125,127,137,162,191,193,199,245,259,
73,104,169,173,176,182,184,209,214,274,
39,136,
4,18,32,55,211,212,240,249,266,
38,75,88,91,93,100,117,125,154,223,239,
13,14,36,58,95,111,113,130,143,146,148,170,175,186,196,204,219,222,232,255,262,
20,34,39,44,54,72,86,90,95,101,102,103,111,112,114,122,144,163,164,179,184,200,214,220,229,232,241,261,
14,44,94,136,167,193,195,207,217,218,240,245,250,272,285,
232,
17,20,22,40,64,72,126,127,163,184,198,206,261,271,
49,76,162,163,167,177,185,199,214,227,228,229,241,242,244,255,261,272,
35,64,
7,27,28,73,76,81,82,107,129,141,172,173,217,248,259,282,
4,7,14,
29,141,192,214,
40,61,130,193,232,237,
39,83,167,253,256,267,
8,178,183,191,202,
176,219,224,
23,49,61,108,120,160,200,201,
15,20,26,29,34,54,61,68,112,122,130,134,146,153,167,174,180,195,220,241,243,253,255,272,273,
11,15,21,23,53,119,120,178,201,228,276,
26,31,44,48,128,180,212,249,254,256,264,265,266,268,
21,23,29,53,71,119,151,154,165,201,233,235,
6,14,61,76,95,97,98,102,106,137,164,185,198,217,220,252,275,
18,71,98,153,167,172,174,184,206,208,212,216,254,264,
17,37,47,70,75,80,83,101,115,117,126,141,156,162,168,171,183,191,202,209,213,221,223,233,234,239,244,278,
41,80,86,89,90,109,162,184,223,244,
46,
16,30,35,65,67,87,104,133,138,167,194,212,245,250,265,272,277,
7,34,61,64,108,138,218,280,
6,22,40,41,76,80,98,103,107,122,138,144,162,164,199,209,254,259,
4,14,48,60,85,86,90,99,105,145,153,211,212,218,256,272,277,
31,82,146,181,186,212,249,280,
35,73,80,126,199,231,248,254,
64,112,145,246,
46,61,98,103,112,138,214,239,242,282,
61,62,64,69,77,85,99,110,128,153,180,218,232,237,243,260,
7,18,32,40,51,61,69,77,123,128,140,152,174,194,205,246,254,257,258,260,273,
24,83,124,138,158,163,173,184,191,210,214,215,217,244,250,261,272,
34,39,47,163,199,259,
25,34,50,52,76,90,97,115,163,219,234,239,259,
267,
2,14,50,61,64,68,72,77,99,110,142,144,149,167,174,175,179,222,280,
20,45,46,56,59,81,98,103,126,136,153,162,185,192,197,220,231,232,256,
17,78,80,95,100,121,125,171,196,214,239,
14,22,41,54,59,61,72,108,145,148,160,163,203,217,219,224,225,259,
12,21,53,72,80,119,126,151,162,235,
45,47,103,141,162,163,190,221,261,278,282,
14,18,44,67,140,158,190,248,
116,121,171,196,239,
1,29,52,71,76,78,95,127,151,165,171,184,190,199,219,228,236,265,275,276,278,
49,63,120,201,261,278,
47,76,162,163,203,214,220,241,261,
13,33,36,85,107,146,153,157,161,170,185,187,200,203,
11,17,21,23,52,53,56,119,120,125,171,173,201,214,235,239,242,
12,66,154,223,233,284,
13,14,20,34,48,52,59,61,74,76,80,97,101,118,127,130,134,147,179,180,184,209,212,217,242,265,
20,40,42,61,70,148,158,174,205,206,242,245,253,268,272,
10,14,69,135,145,146,187,195,254,255,276,
84,103,135,
17,37,136,172,173,183,212,230,247,265,278,
35,60,110,147,194,203,225,261,
7,35,41,50,64,112,116,118,187,203,209,214,261,262,
3,37,88,91,93,100,129,141,154,155,183,
14,20,29,70,117,136,138,155,168,183,230,247,263,
88,93,
22,61,95,121,132,143,159,170,187,195,199,206,218,232,252,272,279,
73,83,86,103,113,167,178,179,182,191,248,259,261,272,282,
49,200,206,232,265,283,
3,63,213,
28,29,119,206,242,261,
13,26,32,42,50,59,67,73,85,87,128,130,138,161,170,206,245,255,256,263,
6,26,34,35,45,69,76,89,99,105,112,140,163,167,173,184,191,208,210,217,242,250,268,269,283,
7,36,42,64,107,130,132,133,139,159,169,172,175,179,263,274,
20,29,39,42,72,76,77,121,127,142,144,162,167,199,203,215,217,225,237,246,253,254,255,273,
116,162,163,173,189,203,209,211,214,219,224,
8,12,66,70,78,95,116,124,141,189,279,
7,29,35,39,40,42,72,86,99,108,133,139,149,177,193,206,225,246,
30,48,65,127,128,180,184,210,255,268,
45,76,89,250,
12,38,88,91,93,100,154,
30,69,87,140,180,186,211,240,248,266,285,
10,14,28,30,36,45,63,64,84,131,145,193,217,222,
16,40,43,73,123,138,167,186,217,245,250,
33,36,50,59,72,157,174,206,
25,36,50,132,142,143,148,157,163,219,270,276,
35,169,172,277,279,
1,18,40,43,69,71,73,85,128,180,181,184,186,190,232,242,254,265,
80,98,122,163,198,215,220,224,229,255,271,
7,64,77,87,105,152,172,194,212,245,248,266,272,
3,45,66,94,95,98,121,126,127,138,162,163,164,171,173,189,191,197,199,206,214,217,223,231,238,239,242,259,275,
83,88,110,115,130,141,217,221,223,254,263,
40,62,146,174,255,
3,41,48,71,128,136,137,162,173,185,190,191,192,245,268,
166,
12,17,19,38,56,66,78,88,91,100,101,125,126,130,154,155,173,230,231,
3,7,17,28,72,95,104,172,179,205,206,214,217,239,263,274,
18,31,40,48,69,99,128,180,194,237,243,255,257,264,
3,6,10,33,73,95,107,110,149,166,205,222,282,
3,7,50,54,114,148,157,224,261,
59,110,153,243,
38,52,68,95,121,125,129,156,163,171,189,209,214,223,227,234,239,242,
80,97,111,113,118,126,134,139,163,164,188,203,220,224,226,227,229,236,239,261,
73,81,140,141,205,214,230,278,
5,33,34,118,131,143,145,159,160,163,219,224,229,254,276,
46,89,
25,73,138,
9,15,21,23,27,29,40,61,76,98,119,171,185,191,199,203,214,220,253,
30,42,43,73,105,136,158,202,210,212,250,253,263,268,272,282,
3,4,5,37,103,105,138,153,158,159,173,183,191,195,210,215,242,245,
2,14,45,84,89,104,130,146,211,222,282,
37,124,
16,17,35,52,61,73,95,122,156,162,163,204,212,248,261,
78,173,178,191,214,230,231,284,
59,170,
17,78,88,91,93,95,156,173,189,197,224,
3,29,59,73,130,136,139,162,163,193,202,206,207,213,217,238,248,
10,30,31,35,69,191,208,211,217,244,
7,28,40,42,61,72,77,99,110,112,133,144,208,212,232,244,253,257,260,263,269,270,280,285,
30,34,58,61,65,69,98,99,123,127,130,134,143,146,149,163,164,171,180,181,198,206,217,232,255,256,257,268,271,
2,76,79,107,138,166,211,222,
8,10,13,25,33,47,59,61,103,132,137,170,173,188,203,232,252,254,
25,59,143,195,204,
5,67,70,79,94,105,107,118,128,136,209,216,250,251,254,263,282,
9,29,34,40,48,69,82,103,128,184,210,212,220,265,
3,12,21,23,37,47,49,52,56,78,80,93,94,119,120,129,138,151,173,203,205,214,225,228,233,234,241,242,244,259,281,
13,37,89,138,171,175,214,236,245,250,
20,26,105,136,153,158,183,213,215,246,253,269,272,277,
29,45,76,83,98,113,191,203,214,217,225,259,
20,29,48,61,65,131,149,167,185,195,245,252,254,255,268,
13,26,59,61,69,72,77,105,153,174,216,251,255,256,258,268,273,
179,182,203,
83,89,138,178,183,215,247,263,284,
22,54,114,224,
11,21,52,57,95,116,119,120,121,126,165,201,231,238,284,
214,223,239,
1,8,40,55,61,82,146,172,184,187,190,193,225,232,254,258,265,272,279,
7,35,74,171,182,206,232,261,272,
34,45,76,83,130,138,159,170,184,187,209,217,245,254,
3,20,26,29,41,45,52,63,72,80,90,98,105,112,167,169,171,173,191,203,210,213,217,220,225,227,231,242,244,245,251,253,259,272,
1,11,21,52,56,79,82,95,107,112,126,197,242,278,279,
27,47,61,65,106,122,124,137,151,163,169,213,217,220,223,241,268,275,
4,20,26,48,60,62,73,77,99,130,153,167,195,245,248,251,255,256,266,
34,76,98,118,121,125,137,138,191,206,211,214,242,245,
29,34,36,39,58,97,111,113,131,144,148,157,160,163,167,184,185,198,200,203,217,219,241,242,253,254,259,262,272,
1,4,7,127,133,136,144,158,192,197,205,207,210,212,217,245,250,272,278,
39,83,117,126,167,186,217,238,244,278,
34,47,56,95,122,163,199,220,231,234,238,
3,20,27,34,52,76,89,95,103,111,113,117,134,159,162,163,167,171,173,199,203,217,229,259,272,
3,45,46,76,83,90,112,127,135,145,162,163,173,188,203,214,216,217,224,225,261,267,270,276,284,
3,27,73,79,107,133,175,203,209,217,225,241,242,244,
94,130,136,245,250,
73,138,206,239,
44,94,136,158,205,245,250,263,
28,30,48,72,206,246,250,253,258,
25,33,54,58,68,84,112,114,143,145,150,157,160,187,204,276,
52,65,72,198,200,203,220,235,240,280,
50,132,150,157,167,184,188,200,203,219,252,262,
40,61,62,69,72,77,85,167,174,200,254,255,269,273,
3,5,130,163,204,
98,174,191,217,245,266,
3,6,39,40,41,59,61,71,102,113,162,177,186,192,213,214,217,241,242,255,259,261,
9,53,75,103,151,163,167,177,192,220,
12,91,
16,28,60,64,67,69,87,99,123,136,174,180,186,
53,56,57,72,80,119,126,151,164,167,
6,34,88,97,100,102,106,115,126,150,154,156,163,184,185,187,189,214,220,223,235,239,242,
8,13,25,59,61,68,72,118,148,157,160,163,188,189,203,222,
4,16,26,40,42,73,103,128,169,191,205,210,211,215,247,272,280,
37,75,78,93,173,230,
12,14,23,49,52,79,80,119,126,129,151,173,183,214,217,238,242,259,281,
63,208,
140,190,249,
22,134,150,187,232,252,
138,274,
14,45,64,163,193,203,217,225,
37,45,46,108,206,214,230,231,247,
1,82,85,104,126,128,140,164,171,172,190,208,248,278,
10,36,40,67,99,123,128,144,146,172,184,195,206,232,254,255,273,
37,136,175,183,214,250,
15,20,34,39,40,76,79,101,105,137,139,167,172,183,217,220,241,245,250,253,254,259,
13,14,18,24,61,73,105,112,116,133,144,149,153,167,170,184,193,203,206,216,237,248,254,255,265,268,272,279,280,
55,79,147,169,193,274,279,285,
24,34,38,47,52,80,82,84,95,101,109,126,127,164,171,191,199,202,206,214,217,223,226,230,231,242,259,
12,21,23,29,34,39,47,52,56,57,80,91,97,103,111,113,115,126,151,163,164,199,231,241,271,
11,12,17,19,21,52,53,56,57,66,120,126,151,155,165,173,214,230,231,281,284,
12,38,56,66,75,91,93,100,101,126,129,154,156,168,189,223,239,
45,46,153,184,195,217,250,
15,20,24,27,29,62,80,82,83,98,101,142,154,220,225,251,269,
29,41,44,60,80,118,173,184,199,210,212,250,259,261,268,272,
25,27,47,55,59,61,112,113,127,130,163,170,187,271,
7,29,103,110,133,139,153,172,175,182,188,205,207,208,274,
7,20,28,40,64,77,99,110,112,142,167,172,182,184,194,206,208,210,212,254,261,274,280,
4,14,20,42,48,61,86,103,130,174,184,203,210,222,237,258,267,268,272,
20,40,42,144,146,195,245,247,248,266,273,
13,25,41,74,80,90,95,98,102,126,166,196,206,214,231,233,242,
1,3,27,45,66,75,101,126,136,173,184,197,202,210,213,217,221,226,231,233,238,244,245,250,261,281,
245,258,
20,26,28,34,44,61,69,104,105,127,130,136,152,159,191,212,215,216,242,247,250,251,255,256,263,272,
34,41,45,48,64,69,76,87,111,113,115,121,122,137,163,191,197,206,211,219,220,242,
6,41,45,73,110,112,116,136,205,242,245,246,250,261,263,272,
17,19,21,57,66,80,98,206,233,244,
41,54,114,148,220,224,
3,15,21,23,24,38,39,52,53,70,80,109,121,137,141,162,163,167,173,177,191,192,199,205,213,225,228,231,236,242,271,278,281,
1,17,47,52,53,61,73,80,116,151,153,162,163,173,206,209,214,231,234,242,254,
14,15,59,92,95,98,102,148,167,177,184,185,200,203,204,220,231,238,284,
39,41,59,98,138,167,195,255,269,282,
32,34,39,97,103,153,178,201,228,268,
86,
1,20,40,43,48,61,69,82,85,97,103,127,128,130,137,139,152,180,184,194,207,212,249,257,258,264,
25,29,34,72,76,97,103,111,127,153,163,171,184,185,191,196,206,214,227,238,239,242,255,271,
61,65,69,110,133,172,208,212,218,243,251,261,
14,61,74,130,131,134,143,147,169,176,193,219,225,277,
20,27,29,31,40,65,72,85,99,130,138,152,184,191,202,206,208,210,212,242,249,272,279,
16,31,43,44,181,212,250,258,
32,60,62,69,99,123,174,260,
1,5,61,71,103,122,127,158,159,163,171,191,209,210,211,212,213,239,248,259,282,
2,89,219,245,262,
9,53,120,130,
183,230,
56,64,91,125,126,154,197,223,231,
1,34,71,72,76,82,106,121,127,143,162,163,166,179,184,187,190,199,210,214,220,225,226,228,276,
13,61,69,79,97,105,111,130,131,132,134,144,170,188,198,207,219,254,255,
3,24,29,61,76,98,113,163,213,225,238,242,282,
56,75,78,125,171,214,
17,37,56,78,89,100,118,124,126,129,141,155,173,183,189,209,
4,20,26,40,72,138,174,218,254,256,267,269,272,
28,29,36,45,61,63,71,83,96,104,108,167,175,209,217,259,
2,8,25,58,61,74,150,200,237,243,
7,59,61,110,139,152,179,257,
30,35,60,69,73,99,123,139,190,208,212,240,258,272,
29,40,61,62,103,153,180,181,208,212,254,258,268,272,
17,21,75,80,88,93,129,151,154,165,168,173,217,242,281,
3,4,20,25,29,34,76,105,113,118,163,169,217,229,241,251,264,269,
76,94,138,202,209,211,255,263,272,
6,13,29,34,47,61,76,97,105,107,113,130,167,179,182,187,189,198,206,216,217,219,229,259,
69,99,128,152,237,243,264,
34,61,108,112,169,225,
2,3,4,5,7,61,67,73,81,103,107,130,131,172,173,202,203,205,211,212,245,248,265,279,282,
1,86,112,172,207,212,244,
9,19,29,47,53,66,75,83,120,126,154,189,197,223,239,
34,39,45,76,79,90,130,131,145,162,175,179,187,199,203,204,215,217,225,259,261,
7,36,55,60,61,74,110,123,166,179,194,222,240,258,260,
23,47,53,92,95,163,199,275,283,
1,11,21,53,69,71,74,82,85,109,120,126,151,181,190,197,206,207,233,236,281,
25,47,61,73,83,101,121,167,182,195,211,216,217,223,226,245,
54,56,95,119,120,162,163,173,214,
20,29,34,39,40,59,111,130,146,163,167,174,195,200,220,229,241,251,254,255,269,273,
69,128,153,181,212,258,266,
63,90,
35,63,208,242,261,
9,21,45,49,50,53,59,63,72,95,98,108,119,151,195,206,214,225,238,239,242,275,283,
40,59,102,206,228,258,278,
7,35,43,45,46,59,61,64,99,110,135,172,179,182,208,212,274,
44,67,70,79,81,94,136,158,263,
72,
21,29,39,49,53,137,138,162,164,165,210,214,228,241,
104,
20,35,217,284,
16,20,26,44,53,76,83,103,119,171,190,191,195,202,203,206,213,242,247,259,267,272,
12,19,78,100,109,112,126,168,171,189,213,242,261,278,
12,68,143,145,162,163,175,219,
21,50,58,76,81,113,127,163,214,242,245,
29,34,38,61,76,101,104,111,113,114,124,149,163,167,179,184,188,203,214,217,245,255,272,285,
95,121,140,156,171,173,189,223,248,
2,5,22,38,50,51,114,117,138,166,173,191,219,222,224,282,
20,34,39,40,69,85,127,128,137,139,146,153,164,174,186,192,202,217,220,231,242,269,280,
8,20,36,45,46,59,112,130,131,173,204,225,265,
29,76,167,
7,9,27,29,35,43,60,61,71,85,103,181,210,220,249,256,265,
6,11,21,23,56,66,80,92,141,151,164,184,189,205,213,220,231,233,235,281,283,
6,23,25,39,47,52,59,82,106,111,163,167,200,220,234,241,
17,73,75,81,91,129,154,168,173,189,234,
7,14,46,104,130,193,194,
26,189,206,208,
19,37,78,120,173,197,230,
40,61,69,107,118,124,158,205,209,212,254,
29,56,72,81,86,97,103,127,130,137,149,173,184,188,193,200,206,217,232,244,260,
62,68,89,110,138,172,179,194,251,272,276,
29,163,190,214,223,231,242,246,
33,54,150,161,200,204,262,
3,12,41,76,117,163,175,211,214,224,
26,44,59,94,130,135,203,213,241,255,263,
3,7,30,72,73,110,208,246,261,
18,48,55,86,98,103,153,171,210,212,218,264,272,273,277,
17,29,59,76,79,90,130,135,160,173,203,217,227,255,
2,13,73,74,89,143,166,184,222,245,
10,27,84,94,130,132,134,159,217,
39,63,90,104,
13,25,29,33,58,61,74,95,131,132,134,148,150,157,160,163,166,170,175,176,184,189,203,216,232,243,252,
9,20,29,34,52,73,98,102,163,171,173,191,199,202,220,231,259,261,281,
30,103,127,153,217,
16,72,77,99,138,142,173,212,213,230,
20,40,43,55,73,85,127,128,130,144,153,173,186,194,210,212,217,245,264,268,
40,61,69,82,95,105,110,123,138,149,161,167,176,193,212,217,245,252,254,255,260,268,
6,21,25,95,228,241,
80,93,126,231,233,235,
3,17,21,29,56,57,61,73,76,78,80,107,109,126,127,128,129,190,191,211,212,214,226,227,231,242,245,259,263,272,276,281,282,
88,91,100,125,154,189,197,214,221,234,
17,98,116,191,206,209,223,239,248,
25,45,56,72,75,76,130,203,214,234,242,
28,44,46,67,89,94,138,202,205,245,250,263,277,
9,14,20,29,52,59,72,103,122,127,130,134,142,146,148,161,167,174,184,191,200,217,242,254,255,269,270,272,273,
34,69,97,153,193,253,268,269,
78,88,93,125,127,129,230,
1,71,81,82,109,197,236,242,278,
142,143,145,179,187,
3,64,142,202,281,
3,12,15,19,38,75,76,93,98,113,117,120,126,129,130,138,141,168,173,183,191,217,220,230,233,245,259,284,
4,31,40,44,60,67,87,138,139,212,245,266,
163,176,189,
12,75,76,91,93,126,129,155,156,196,203,214,227,239,278,
59,138,192,201,
76,241,267,
9,20,23,59,61,126,127,146,163,179,206,228,233,255,273,
9,15,34,76,80,106,220,254,
261,275,
29,47,51,73,113,138,196,214,
3,5,73,103,116,129,130,132,136,158,166,173,182,191,193,205,217,222,245,248,263,282,
98,226,243,
175,
8,10,14,26,44,74,76,84,130,146,147,161,167,170,247,279,
10,33,61,65,84,95,99,102,127,132,134,170,185,200,219,243,262,
12,19,56,61,78,91,107,126,189,205,214,217,239,244,
38,75,82,91,93,189,209,214,234,
23,25,39,61,72,76,92,97,102,111,113,116,145,153,163,167,173,199,200,220,228,229,238,241,254,259,275,281,283,
28,40,67,73,76,77,123,140,190,192,209,217,259,263,265,268,
45,59,64,68,72,90,103,113,142,144,145,167,177,238,242,251,253,254,261,269,270,273,
37,168,230,
3,44,108,172,182,205,225,263,
6,14,50,51,58,95,99,118,160,184,204,
27,30,34,61,73,87,89,103,107,116,167,184,191,209,213,217,250,265,268,
31,40,44,51,79,86,87,124,169,180,205,223,245,
5,45,89,94,98,158,163,173,189,209,222,245,250,263,
39,145,163,219,224,242,276,
18,32,237,257,
5,76,170,196,203,204,214,
25,80,95,100,124,129,154,214,242,
27,28,34,72,82,92,103,127,191,205,213,217,220,278,
28,71,72,77,112,126,153,172,261,268,274,284,
13,18,26,32,40,48,99,131,153,216,237,264,265,
121,140,189,214,
7,59,72,73,76,116,133,145,173,195,214,
1,5,7,12,14,88,91,104,116,242,284,
19,121,171,196,223,234,244,
39,41,61,64,113,125,126,131,134,148,157,160,184,189,204,212,214,217,219,223,244,273,
44,55,139,180,212,240,245,277,285,
29,68,143,163,179,217,219,225,259,276,
3,61,70,73,79,103,127,136,162,172,173,190,205,208,212,213,215,217,242,245,250,258,263,269,272,
29,39,41,45,54,61,72,76,90,98,108,111,113,115,129,139,151,162,163,167,169,173,187,188,191,204,206,214,217,224,225,231,241,242,259,261,265,268,269,272,
175,
40,61,82,128,153,181,215,246,257,266,
4,7,18,29,40,55,69,105,128,167,180,186,200,237,254,255,256,260,268,
4,43,69,140,152,180,258,
14,133,193,
4,14,32,55,59,108,130,176,212,243,285,
54,143,157,166,176,187,219,225,276,
2,36,50,54,58,64,89,114,118,166,175,176,209,219,222,245,262,
178,248,
9,23,34,39,41,49,71,106,130,173,177,192,217,228,241,242,252,253,271,272,283,
35,38,81,129,245,
31,44,62,77,105,140,142,172,174,180,205,210,212,245,250,277,
223,
20,38,54,80,
135,145,267,
1,4,20,24,34,48,61,77,85,105,113,126,128,144,153,167,173,180,184,185,195,206,210,212,214,232,242,253,254,255,260,268,272,
6,15,20,72,115,130,162,167,177,191,200,206,213,214,215,220,242,253,254,255,259,265,275,285,
11,21,23,49,53,56,57,119,120,126,165,201,220,233,234,235,238,271,281,
14,20,26,35,42,44,62,64,77,104,142,161,174,194,212,216,251,254,255,256,267,268,272,
208,
27,38,95,115,129,191,213,
14,
32,87,180,250,272,
2,28,40,42,63,73,84,86,145,158,172,203,205,208,232,245,246,261,263,284,
34,106,137,243,283,
3,17,19,39,41,56,78,80,117,126,129,141,154,177,191,199,214,223,230,231,239,241,242,259,
3,17,37,38,125,129,189,214,221,223,239,244,
33,35,58,59,73,98,103,145,147,148,153,166,187,219,232,245,262,
73,140,
6,8,14,20,40,61,65,86,97,99,103,126,139,166,184,193,206,212,232,240,243,254,271,
10,14,33,36,50,58,61,145,146,163,170,203,219,276,
3,12,37,91,129,141,155,165,173,183,197,284,
12,57,59,72,90,125,199,214,
125,239,244,
3,56,91,130,155,173,188,214,235,
13,14,42,44,51,61,73,74,84,89,99,131,132,144,146,147,149,153,160,161,166,170,187,195,211,212,218,219,222,232,245,248,254,255,270,280,282,
10,20,99,113,128,170,172,176,272,
7,16,62,64,77,172,210,242,
57,72,76,80,89,95,108,119,125,151,171,190,210,213,214,223,225,231,239,242,254,272,
2,61,118,189,209,224,
6,9,23,38,47,80,88,97,121,126,137,151,163,164,199,228,229,241,261,275,283,
111,259,
2,14,33,50,59,61,67,84,134,149,166,176,188,198,203,209,219,245,260,264,
13,20,29,34,40,44,45,61,76,79,81,92,98,101,113,120,126,129,130,158,184,191,203,205,211,213,217,242,244,251,255,259,268,269,278,
73,76,80,95,98,113,121,162,163,175,185,190,203,206,214,248,
40,61,143,217,223,239,266,270,
14,22,25,29,46,59,64,72,82,127,130,135,145,161,163,167,219,242,261,275,
18,30,40,43,55,61,87,99,181,184,193,205,206,210,245,277,282,
12,37,38,45,70,75,78,91,93,100,117,125,126,154,168,171,173,191,214,223,230,231,239,242,
215,248,263,
12,21,38,56,75,78,81,93,95,120,126,233,
19,45,80,90,138,162,188,217,221,
3,17,19,21,24,38,46,66,91,100,101,117,120,125,129,141,151,165,168,175,189,239,
61,68,73,96,163,172,179,203,209,214,229,246,261,
7,40,48,65,67,86,99,123,139,140,153,172,181,208,212,248,258,277,
32,34,43,55,76,181,208,278,
96,108,162,166,171,172,214,
4,7,30,32,44,61,64,86,99,105,138,152,167,191,244,245,249,264,272,280,
3,17,20,27,29,34,37,38,41,52,76,80,97,98,113,117,125,126,163,173,191,198,199,206,214,217,220,238,239,242,253,259,284,
1,18,30,32,61,71,82,153,180,181,190,202,208,212,258,260,265,277,278,
29,34,39,52,97,98,105,111,130,137,185,191,192,198,210,213,229,238,241,242,245,259,272,273,
7,169,
18,20,29,40,61,69,85,128,132,137,144,149,153,180,186,216,249,254,
20,25,39,40,59,61,72,98,127,136,142,149,163,174,184,186,195,202,203,206,212,213,217,225,241,242,255,267,269,280,
32,65,99,152,169,285,
25,52,56,95,106,111,113,144,184,190,191,199,206,211,214,242,
73,107,175,209,
25,29,47,50,67,69,95,102,113,153,157,163,164,167,170,204,216,217,245,269,272,275,
34,196,239,276,
38,45,75,91,125,154,173,188,199,205,230,233,238,239,248,
9,21,27,29,51,76,127,130,133,151,165,177,182,190,220,244,
13,14,15,20,26,76,83,123,125,138,161,178,191,195,210,214,220,261,267,
6,9,34,54,92,102,145,242,276,
27,54,113,114,166,172,179,191,246,254,259,272,
17,56,78,100,
104,118,
8,44,51,65,94,130,
6,13,17,52,95,125,163,175,188,189,220,223,275,
5,7,10,14,42,58,61,67,74,104,105,130,133,134,143,149,166,182,193,194,202,216,217,222,248,
11,12,14,22,53,56,72,75,76,78,92,120,126,137,153,165,167,169,173,183,184,190,197,214,225,242,269,
49,56,93,235,
5,12,38,81,88,129,141,154,155,173,183,189,196,230,
90,
34,72,80,94,97,103,111,113,132,143,157,163,175,176,185,198,217,252,254,276,
18,60,62,72,73,92,105,112,174,206,212,247,254,264,266,268,
44,138,
6,29,34,39,76,85,97,98,103,115,125,127,178,220,223,227,236,238,241,242,248,252,259,
14,64,246,274,
14,28,43,108,130,152,182,187,267,274,
2,175,
3,4,59,76,98,103,125,127,131,144,163,171,176,184,188,214,216,217,223,238,239,241,242,248,253,255,259,268,
7,35,51,69,74,79,94,127,184,194,207,212,218,272,
12,19,41,56,78,91,124,171,233,
7,8,10,22,35,51,73,99,103,105,113,144,159,166,169,175,184,187,194,195,205,206,217,222,232,251,279,
16,107,
7,25,39,61,79,95,103,112,115,144,149,162,163,172,179,182,184,187,189,205,206,208,211,217,225,242,254,280,
14,54,68,132,134,150,176,
2,58,70,81,94,116,147,150,160,166,173,209,
17,88,154,239,
211,217,245,
45,46,63,77,136,169,171,246,261,
13,61,86,149,184,211,237,280,
71,90,127,130,135,143,162,187,213,217,219,225,242,276,
4,28,169,195,230,242,277,280,
3,19,22,25,29,34,36,38,39,41,52,54,56,64,112,113,114,117,125,126,129,162,171,173,189,191,199,214,217,231,241,242,259,
11,21,27,52,54,76,80,92,97,151,163,168,171,173,227,231,242,
27,29,34,47,80,97,98,103,112,131,153,175,188,191,195,198,199,200,203,217,220,221,222,225,238,242,252,259,275,284,
12,88,91,93,213,242,
9,15,23,144,171,210,226,
145,
4,20,26,35,65,67,85,99,105,128,140,194,212,225,256,267,277,
4,20,30,40,44,64,72,77,123,142,153,184,210,246,253,255,268,272,
28,63,193,246,261,
6,25,34,58,68,76,95,111,127,160,165,199,206,220,229,236,238,241,242,
16,35,48,86,128,184,186,205,206,208,258,266,
6,15,23,29,34,40,47,52,64,80,97,106,126,127,144,184,185,191,206,212,220,228,244,249,254,269,271,272,
30,31,40,69,82,85,128,139,153,180,186,212,237,249,254,258,274,
45,130,144,166,167,195,198,211,251,254,276,
7,22,61,64,68,99,110,112,130,139,145,163,172,174,179,184,208,212,217,240,254,261,267,274,282,
7,9,25,34,39,95,97,106,113,127,137,163,171,185,198,199,203,204,210,220,229,231,235,254,261,270,275,
22,54,73,114,224,
7,20,36,42,52,64,90,111,143,150,162,163,188,199,214,225,276,
210,220,
20,45,72,111,126,163,176,187,206,217,223,242,
274,285,
7,59,63,72,133,
34,45,56,64,126,185,188,191,203,231,261,265,
3,107,136,183,191,213,231,250,261,
9,18,20,21,97,120,151,177,201,202,228,264,
7,8,30,42,61,103,191,195,202,210,212,217,245,250,263,265,266,
90,163,167,
78,
135,145,166,245,
64,138,145,
104,166,
124,
17,25,36,51,54,61,68,88,115,162,167,173,190,191,199,219,227,232,236,252,259,269,278,282,
3,18,27,28,32,40,85,105,158,180,208,213,249,251,254,256,265,269,272,
66,75,78,88,91,93,125,126,151,165,197,235,239,
34,36,68,76,113,173,203,231,269,
25,52,58,61,76,80,91,95,98,126,162,163,173,184,188,189,199,204,206,209,211,213,214,217,219,221,222,224,225,231,236,238,242,259,272,
8,10,33,61,146,150,160,170,200,204,219,243,254,
20,75,89,91,92,105,138,146,197,284,
11,20,21,34,39,52,62,75,76,83,92,97,115,116,151,153,162,171,191,201,206,214,217,220,251,254,269,273,
9,61,68,85,99,139,153,175,200,217,275,281,
15,83,97,111,113,119,164,167,214,219,220,223,224,225,241,276,
17,38,80,101,109,118,125,129,168,173,181,239,242,281,
38,129,173,
3,6,61,68,130,174,179,188,203,217,
14,22,36,41,42,58,68,143,148,163,166,172,195,219,
10,20,33,36,58,90,143,145,163,191,
201,
7,64,90,142,143,184,212,245,285,
10,14,22,33,39,41,50,58,86,112,122,159,182,187,193,204,219,224,225,259,
245,263,
3,12,37,44,45,56,66,78,79,124,129,154,169,171,173,183,191,197,214,217,221,245,
4,7,16,35,55,60,73,110,172,179,182,191,202,206,208,211,212,265,278,279,
145,219,231,
3,20,25,34,38,39,40,41,50,54,56,98,113,121,163,168,189,199,214,228,234,239,241,253,254,255,266,
43,61,142,174,208,258,
62,83,
54,80,95,111,145,163,214,220,231,
44,60,138,245,277,285,
72,127,136,177,202,210,
38,
12,15,27,42,47,70,168,199,
59,167,236,
30,61,73,74,96,103,130,166,179,205,212,217,222,277,
27,34,76,98,125,185,190,192,204,223,238,239,242,251,253,255,269,273,
20,59,72,98,105,127,130,134,144,145,167,180,184,191,195,206,209,216,227,242,251,254,280,
21,23,39,53,97,137,200,201,241,271,283,
14,20,40,61,72,103,127,129,130,142,149,184,209,232,254,263,
7,16,26,62,69,73,85,210,254,255,266,268,273,
33,36,41,50,90,133,143,145,157,162,163,166,175,187,219,222,224,262,276,
6,8,10,15,34,39,41,52,76,80,97,98,105,113,122,126,129,137,168,173,187,199,204,217,220,225,241,242,259,
1,7,24,36,46,52,72,80,103,109,119,126,142,151,153,162,163,165,171,173,188,202,226,231,236,238,244,261,272,278,
27,31,32,130,146,170,172,243,263,285,
8,13,25,54,59,127,134,137,138,149,150,163,176,217,
138,247,277,
50,58,64,68,72,76,77,96,116,145,148,150,159,166,171,173,174,179,187,204,219,276,
7,28,62,67,73,99,140,152,153,169,174,194,210,215,246,247,248,266,268,
69,
20,60,65,127,138,180,186,249,255,258,267,278,
9,
10,14,25,33,36,54,58,68,74,111,113,148,163,166,170,187,191,219,229,232,262,
3,46,56,76,79,80,88,91,94,98,100,124,127,136,138,173,174,191,214,215,237,242,247,255,256,263,270,272,277,
4,14,21,31,34,99,110,131,146,147,167,193,194,197,206,218,232,243,275,
63,90,162,
34,41,45,52,68,76,81,97,111,173,191,195,206,217,227,228,229,231,241,259,275,
12,75,78,91,93,125,126,154,155,223,239,
38,117,129,141,168,173,189,214,220,234,242,
7,25,26,29,34,52,61,64,65,69,95,98,169,184,193,206,228,229,255,
13,14,33,84,148,150,157,160,191,214,219,245,254,270,272,
10,18,20,26,32,61,65,69,85,94,105,130,152,153,167,174,175,184,195,212,217,240,245,256,266,277,
2,22,25,33,68,95,122,150,160,163,175,179,187,193,206,219,254,282,
36,50,52,68,76,106,130,137,163,198,200,204,217,226,228,229,262,
1,8,61,80,95,98,102,115,121,122,127,163,171,188,196,206,208,210,221,231,233,242,244,246,261,275,278,
54,64,72,98,113,115,145,150,157,179,187,203,211,222,224,282,
32,86,180,249,257,258,
3,27,56,76,83,91,93,100,101,118,125,130,154,177,192,217,223,239,
14,44,45,136,169,254,263,274,277,
67,73,95,113,121,179,196,282,
7,35,43,51,73,96,110,172,179,208,274,
34,39,45,56,83,89,94,113,127,177,217,223,239,242,259,284,
11,21,47,125,126,151,164,223,235,
61,80,90,102,158,206,223,226,231,238,239,265,266,278,
23,24,61,66,103,106,127,151,164,170,205,222,235,283,
61,126,148,153,188,199,204,226,227,232,238,242,262,271,
12,56,75,93,95,112,117,168,173,175,189,
29,50,97,137,143,145,159,199,219,237,253,254,255,262,273,
142,
6,15,27,29,76,83,101,113,138,173,178,192,210,215,220,244,284,
2,3,20,22,27,41,59,61,64,72,73,76,90,95,96,105,111,112,113,114,143,167,193,198,204,217,224,225,243,245,263,269,
42,46,55,64,67,99,140,169,175,245,248,
34,61,68,90,135,143,145,159,179,203,217,241,259,276,
3,189,203,
5,14,51,79,94,172,182,193,195,205,217,263,
61,64,157,214,222,
16,139,212,
21,29,90,120,126,165,203,214,225,242,
61,138,274,
22,36,65,68,96,116,191,224,246,261,
39,59,61,127,132,146,195,198,217,219,242,
3,4,10,14,20,29,39,44,45,61,76,98,103,130,136,138,159,184,193,195,198,202,217,245,255,
61,72,139,147,157,283,
38,95,196,214,241,
58,61,130,167,217,245,
59,72,76,80,161,167,192,203,223,239,259,
36,76,97,105,112,131,163,195,217,251,253,254,255,270,280,282,
2,44,51,61,70,94,113,131,136,150,166,175,209,222,245,263,
25,34,64,72,214,217,224,242,246,272,
17,34,80,112,114,121,137,171,184,185,189,198,239,242,245,254,259,
56,80,235,
1,21,53,61,71,80,103,109,115,127,151,162,165,171,173,184,201,206,231,238,242,244,259,265,280,281,
5,8,14,45,59,99,108,116,130,133,193,212,217,222,248,255,282,
11,21,49,120,129,201,
38,56,78,100,125,154,197,214,223,239,242,
7,63,90,96,145,182,
18,30,32,86,211,215,237,240,249,253,266,272,
14,74,84,131,143,145,159,203,211,
9,20,23,40,64,72,77,99,111,148,163,180,200,220,232,254,255,269,273,
32,83,103,140,178,183,215,217,247,265,266,272,
9,39,119,127,153,220,259,283,
10,14,33,36,50,58,80,84,90,122,127,130,135,143,159,160,193,199,219,225,262,275,276,
14,35,43,
20,191,261,
20,29,45,59,72,108,127,130,145,153,167,195,217,219,255,
7,42,67,74,76,96,110,133,152,163,166,167,176,182,194,208,209,222,246,254,274,
138,205,207,250,
63,70,76,98,209,225,242,259,
44,248,
146,163,229,255,
21,53,102,119,162,201,221,
1,71,95,172,214,217,231,242,
140,192,266,
25,45,50,52,95,150,271,
34,59,173,203,211,220,
17,187,189,211,
27,116,129,168,173,183,217,
39,178,206,214,242,
20,29,34,59,84,127,146,153,161,167,174,186,216,243,251,270,273,
40,59,105,142,203,
6,15,17,27,76,83,103,113,125,167,169,178,190,192,239,253,
12,66,76,88,100,105,125,126,168,173,189,191,214,230,231,242,
103,155,163,
52,75,80,95,109,125,163,199,214,221,231,233,238,239,242,
3,4,24,59,61,69,179,184,217,244,245,
20,32,69,103,181,186,210,217,248,264,265,
3,4,19,23,29,75,76,98,103,115,126,129,155,158,165,173,177,206,217,220,230,239,241,259,271,278,
15,27,29,40,92,192,212,213,220,228,
45,59,63,145,213,
21,120,
1,34,52,81,82,83,97,125,173,185,189,197,198,207,223,239,248,277,278,279,
28,29,40,59,64,71,72,77,103,105,136,142,190,191,213,246,253,261,
45,145,157,203,
29,37,39,73,97,103,129,130,191,202,214,272,
8,58,61,74,130,131,134,147,150,166,175,176,193,195,209,217,222,232,282,
48,61,143,150,187,201,220,
14,20,29,37,40,127,129,130,153,173,184,205,206,209,213,216,245,250,254,255,264,268,269,271,
3,29,76,98,101,130,132,138,169,191,202,210,212,215,217,245,251,259,272,
29,61,72,98,103,113,125,179,184,199,214,217,242,253,
3,17,38,45,81,104,124,125,163,207,223,244,
21,23,39,47,71,177,201,220,231,248,278,
9,34,39,119,164,173,192,200,201,228,230,241,283,
7,42,245,274,
25,50,58,148,166,187,204,219,222,225,262,
203,
24,34,61,76,103,112,149,158,173,185,191,210,244,245,254,259,
3,41,45,56,70,75,83,91,93,113,117,126,163,183,191,196,214,217,227,230,231,239,245,263,
40,61,69,82,92,97,106,127,128,137,142,180,220,228,264,
76,80,91,120,190,217,241,245,
3,5,7,8,10,61,77,99,130,132,133,134,135,145,146,152,174,175,188,191,216,217,270,272,276,
11,57,91,93,100,119,141,155,231,238,284,
17,41,80,117,126,151,163,168,173,183,227,
7,61,130,132,134,205,
20,25,36,39,40,46,61,64,73,76,95,98,111,112,114,121,127,163,164,184,189,206,213,217,242,246,254,260,261,272,279,282,
61,247,
29,34,39,52,95,102,162,163,164,200,
5,38,79,93,173,195,214,225,
13,
110,118,124,209,
2,89,104,245,
3,17,38,75,129,141,155,183,245,
6,12,17,66,75,81,88,91,100,103,117,126,151,163,164,173,220,226,242,275,278,
3,7,28,136,138,182,190,210,217,268,272,
7,22,61,96,132,147,179,187,254,282,
10,17,32,55,61,65,74,95,147,163,181,184,193,208,212,237,249,
169,184,214,223,285,
2,131,175,209,245,
7,24,61,71,103,110,125,144,163,170,179,182,232,246,261,271,
38,59,90,94,97,98,103,162,203,209,214,235,241,270,
11,12,103,163,200,201,
110,208,212,285,
7,40,69,135,142,145,152,174,
18,95,128,138,163,166,172,206,257,266,267,268,280,
20,29,69,72,80,103,127,186,187,210,250,251,264,265,270,272,273,275,
4,30,40,61,69,85,144,174,203,254,267,270,
2,84,166,270,
61,67,73,79,109,138,140,168,172,190,205,206,214,245,248,263,265,282,
51,65,95,130,132,147,150,166,208,222,232,282,
69,95,105,118,121,124,149,153,167,173,184,186,214,242,251,254,
15,21,28,119,120,164,171,214,241,242,259,283,
191,192,203,210,213,215,217,273,
37,38,205,284,
204,224,
7,29,43,47,64,71,76,80,92,103,112,115,125,139,173,191,206,217,239,285,
12,47,52,66,80,88,93,126,151,173,197,214,223,233,242,275,
4,14,20,26,31,48,73,85,86,105,128,171,184,190,206,208,230,253,254,256,258,263,267,268,
2,13,40,73,85,123,140,146,161,174,237,266,
214,225,
61,65,182,184,212,213,269,
77,
34,39,61,73,81,111,151,185,206,212,214,217,223,227,232,239,265,266,271,
33,50,68,72,130,132,142,143,145,146,176,203,218,243,252,262,
5,7,14,61,65,130,131,159,193,204,211,232,280,
107,205,207,279,
41,57,75,83,102,113,127,151,154,192,223,235,244,
178,
89,163,192,
25,47,50,84,95,127,148,150,185,188,199,200,204,229,232,275,
30,47,95,102,109,162,163,232,252,254,275,
37,71,78,109,120,126,173,178,197,205,213,230,284,
16,35,43,60,74,161,172,182,194,208,
54,90,148,157,163,187,224,
20,27,28,35,40,61,83,103,172,177,180,186,192,208,225,260,264,267,268,
25,27,34,39,52,61,76,102,109,111,122,125,126,127,156,162,173,185,189,206,223,229,238,239,
9,11,23,52,59,92,106,121,122,151,220,228,267,
34,199,200,231,
3,27,83,98,178,192,213,220,259,
46,89,92,129,142,215,245,248,257,261,272,285,
7,135,143,179,187,212,219,267,276,
8,13,89,102,103,108,187,193,203,236,238,
193,277,
14,67,123,152,153,182,247,
13,52,97,98,111,214,259,284,
25,29,41,59,64,72,77,105,110,139,142,143,145,146,163,199,213,220,243,251,253,255,259,276,
13,14,132,134,145,146,147,149,159,160,203,223,225,251,254,255,276,280,
3,46,63,165,169,172,203,205,208,210,225,261,
9,23,28,39,52,103,106,137,158,184,190,202,210,212,213,248,265,271,272,274,
81,189,207,234,
38,56,93,100,117,
4,14,34,40,42,103,167,173,198,206,212,216,232,242,255,269,
17,34,58,61,73,89,95,114,122,131,163,187,204,214,219,
60,65,77,110,112,146,179,206,212,214,272,279,
7,13,14,20,48,61,105,128,130,134,186,218,237,254,
3,21,44,45,61,76,83,113,125,126,131,151,162,195,203,211,223,228,242,245,248,263,269,
28,62,77,123,140,
40,61,62,64,
17,19,165,171,214,221,231,239,
6,29,39,98,113,163,226,228,271,
13,91,93,100,117,118,126,241,
37,136,153,173,195,230,245,250,
6,13,29,59,61,71,103,120,127,130,132,138,153,170,201,203,220,238,271,
29,83,101,125,192,247,
21,23,39,61,151,173,220,231,235,244,
73,77,
78,88,91,93,100,121,129,138,141,178,189,190,197,221,231,281,
12,38,88,129,141,183,
34,52,64,76,113,125,163,171,214,239,
30,35,62,64,77,110,112,123,174,208,246,
3,78,141,155,
14,96,187,217,245,246,
25,34,121,184,200,241,269,270,
24,34,39,47,64,68,72,80,83,101,103,118,122,125,138,162,163,164,173,213,214,220,223,225,226,241,253,259,261,276,
24,74,104,147,217,278,
69,76,98,113,176,184,188,189,217,229,253,254,275,
22,41,54,59,68,76,90,97,143,145,148,149,187,219,224,276,
245,265,
20,29,40,153,255,268,269,273,
76,130,163,191,203,217,220,231,242,284,
4,35,43,55,61,72,123,130,217,243,244,261,
7,36,44,61,89,94,130,159,169,175,194,222,225,245,277,285,
212,
272,
29,34,59,63,77,92,169,203,225,276,
10,36,135,193,
18,30,40,48,55,69,77,87,123,127,128,174,186,206,212,218,237,240,249,256,258,264,285,
7,43,60,172,205,274,
50,68,72,157,224,225,
33,143,187,211,219,276,
14,34,52,56,68,97,98,157,185,187,214,276,
11,19,21,41,47,52,53,57,76,80,106,111,120,126,151,163,165,173,214,220,230,231,238,242,244,259,275,281,
10,131,133,143,159,166,182,206,248,263,274,276,
18,20,26,32,35,40,42,48,61,65,99,128,140,152,153,174,180,206,212,218,237,248,249,260,264,265,268,
29,39,52,61,103,109,113,127,136,152,203,211,227,242,244,
3,5,20,24,29,34,40,59,98,103,118,130,137,163,164,195,199,216,217,220,241,251,253,255,259,272,
3,17,27,38,39,52,76,80,95,98,103,115,116,121,129,162,163,168,173,185,189,191,195,210,213,214,217,223,234,241,
6,90,103,127,162,163,199,201,231,
34,121,130,173,191,199,209,212,215,222,225,282,
10,45,63,79,108,124,225,
117,175,241,
7,14,61,62,73,84,99,105,110,118,123,144,167,172,179,182,193,194,195,208,232,245,254,
47,102,113,150,187,189,270,
14,20,26,29,34,40,57,61,97,98,103,119,127,162,163,169,184,226,228,231,236,238,242,248,254,272,278,
40,64,68,142,159,166,246,254,260,282,
35,76,112,125,171,185,189,190,196,214,223,239,242,
51,76,86,118,132,142,145,157,195,206,211,254,255,272,
18,31,51,60,87,99,123,216,249,254,257,264,267,277,
75,
73,76,95,96,98,105,107,179,209,211,224,245,258,260,280,282,
76,136,158,191,205,207,217,245,250,255,
15,27,39,98,101,113,177,192,220,247,253,259,
1,12,17,19,34,56,81,93,95,100,117,121,125,154,171,173,196,206,214,231,239,261,272,278,
29,108,135,145,276,
19,75,80,115,126,151,165,183,196,242,281,
13,20,32,61,103,105,130,134,146,153,167,170,187,216,218,220,243,245,251,252,254,255,264,
65,87,187,232,240,243,252,
24,45,52,72,95,118,134,147,163,202,217,223,224,225,239,280,
25,39,61,97,113,158,163,217,229,241,
12,13,15,38,75,88,91,93,95,113,120,125,156,163,185,189,196,220,234,281,
9,65,71,208,
3,5,17,51,67,86,89,138,146,158,188,195,211,214,227,239,245,263,277,279,282,
194,208,
1,24,34,47,64,71,80,82,103,109,118,127,184,190,191,210,212,213,226,231,236,238,242,244,265,278,
15,72,76,83,119,178,220,244,
12,25,66,76,95,117,121,155,163,196,223,284,
30,39,42,54,64,65,104,105,109,122,135,145,163,173,180,184,191,195,206,212,213,214,251,253,254,259,272,
4,32,44,48,61,67,99,103,105,112,138,144,152,153,211,212,217,245,249,250,254,263,277,
7,59,72,97,171,206,214,227,254,260,266,
51,
56,91,93,129,173,
27,76,79,80,83,125,163,199,215,223,239,244,261,
2,31,123,142,166,174,194,258,
28,200,264,267,270,
82,103,136,153,165,181,197,207,210,212,258,
136,158,
7,16,32,35,46,61,205,207,208,240,277,
35,147,195,
34,58,97,103,113,122,134,145,150,163,188,195,219,241,
3,15,34,41,45,76,98,191,203,215,217,220,225,247,259,
27,41,76,107,129,173,183,190,191,192,202,205,209,211,214,217,230,245,265,
7,61,96,145,146,172,176,
29,34,39,52,95,97,103,111,113,121,127,185,188,191,204,229,251,252,255,
10,98,191,
5,37,61,95,141,173,214,
15,34,52,76,97,98,113,127,130,144,173,203,210,213,220,241,242,244,269,
3,5,26,29,45,59,72,76,83,103,104,105,167,192,217,245,250,253,256,259,272,
91,93,126,284,
3,37,70,168,173,183,
37,104,129,153,155,215,269,
38,39,53,59,80,95,103,112,125,145,148,162,163,238,241,275,
69,99,139,167,176,249,255,
13,76,97,113,116,121,156,200,269,284,
18,30,31,61,69,139,144,180,198,212,251,255,264,269,280,
16,35,44,59,61,76,90,107,112,113,158,161,165,179,190,215,245,247,
45,47,97,163,241,275,
7,20,34,61,82,121,153,170,173,184,216,232,237,264,278,
3,19,37,38,64,75,91,94,98,100,112,117,155,173,214,217,230,234,239,
33,50,95,156,209,219,262,
13,25,58,61,97,105,118,131,148,149,163,252,280,
18,31,35,48,55,69,86,190,218,240,258,
50,76,171,191,213,214,225,239,
11,12,49,53,57,66,75,78,92,120,151,162,163,164,165,201,231,233,235,244,261,281,
7,8,22,35,59,65,90,96,130,184,191,206,211,212,214,248,279,
2,
19,126,155,158,178,197,230,
2,45,46,59,87,111,113,124,127,130,134,167,176,186,191,195,199,207,209,216,245,264,
4,72,92,101,106,228,236,271,
17,23,34,47,81,82,92,95,103,151,173,189,200,228,283,
12,75,250,278,
8,25,74,95,131,150,279,
18,35,138,240,254,257,266,272,
3,73,91,93,100,125,129,171,173,183,214,230,244,259,
39,65,119,137,200,265,
11,19,21,23,49,53,71,80,92,120,126,127,151,173,201,203,231,233,235,236,261,281,
6,23,47,59,76,97,106,121,127,162,163,199,217,228,229,241,242,275,276,
2,104,138,
1,11,20,21,23,52,53,57,69,71,112,119,120,126,127,130,151,162,165,173,212,213,214,217,242,260,
50,148,163,188,200,219,252,262,
7,14,18,28,29,30,40,64,69,72,99,127,128,130,145,153,186,203,244,245,255,264,268,
7,36,43,90,138,171,172,181,192,202,206,208,212,220,265,274,278,279,
18,26,31,32,77,123,128,146,152,180,212,249,257,264,266,270,273,
214,
72,138,
7,47,57,189,213,214,233,
279,
17,30,57,75,80,98,109,125,154,164,169,199,214,217,221,230,236,
44,46,86,90,138,172,174,184,191,208,212,263,264,
29,34,42,72,101,102,105,111,117,121,125,144,163,173,218,240,242,
18,20,28,34,40,55,62,85,103,105,130,142,145,153,174,203,206,216,225,242,246,254,255,261,276,
20,24,39,40,69,82,97,105,137,138,144,153,167,188,198,202,213,216,220,232,245,254,256,272,
39,76,83,90,98,113,116,137,188,189,217,247,259,263,
20,29,37,52,70,73,76,79,91,98,103,105,107,113,116,125,129,141,158,167,183,191,205,206,209,212,214,217,230,239,241,242,245,250,259,
32,99,138,152,218,
108,152,169,
13,68,79,84,86,96,160,166,
201,
14,25,52,58,61,65,95,98,127,131,149,163,167,172,198,204,206,208,209,217,252,253,255,
18,43,48,60,61,65,139,181,184,212,232,240,258,
6,20,34,105,121,167,177,251,253,255,269,272,
11,19,38,41,56,81,126,127,129,151,161,189,197,207,212,217,223,224,233,234,242,244,278,281,
179,245,
95,125,156,171,189,196,214,221,
34,68,143,145,163,187,203,219,225,261,276,
4,15,34,52,83,98,137,177,185,192,199,220,242,269,
178,
140,248,285,
6,25,76,106,111,113,177,192,200,228,229,259,
12,17,19,34,37,88,126,141,173,184,189,214,253,272,
73,
25,39,47,50,52,54,103,113,150,185,200,204,229,241,
7,8,14,18,55,61,85,99,110,121,174,187,202,211,212,218,257,264,265,279,280,
30,39,212,263,
23,27,34,44,55,59,71,86,112,127,138,184,212,244,254,277,283,
45,64,72,77,99,130,133,142,152,169,
52,75,95,97,127,154,185,234,244,271,
62,73,77,110,182,194,208,261,274,
35,55,110,181,194,212,245,282,
52,66,95,120,151,156,164,165,185,202,233,236,250,
45,72,108,135,145,219,276,
61,73,166,232,282,
60,
72,171,190,214,
24,46,59,65,99,103,130,138,139,190,191,202,213,240,244,
59,64,196,
7,28,36,59,64,96,110,113,169,172,179,182,208,246,264,
21,23,25,27,47,56,80,95,97,98,122,126,151,163,184,185,188,228,229,233,234,235,241,259,
25,33,61,74,84,110,113,138,166,170,209,211,254,
4,26,29,40,59,61,69,85,98,112,128,140,153,181,186,191,212,251,254,255,256,257,258,260,285,
88,95,156,189,234,
4,18,28,32,40,69,87,99,103,127,210,240,242,243,260,264,268,272,277,278,285,
13,14,76,84,86,89,94,132,147,193,285,
16,43,59,61,86,103,130,133,
63,90,92,135,145,261,
160,166,
168,183,
36,118,157,163,171,184,200,216,275,
27,76,95,98,111,113,177,192,206,214,220,241,242,259,
14,25,50,56,75,78,91,95,118,143,145,146,157,160,189,214,219,225,233,239,276,
6,23,52,92,97,153,185,220,271,281,283,
17,138,140,
6,15,27,34,39,41,80,83,101,111,129,177,192,199,200,213,215,220,229,241,242,259,
1,24,59,82,85,97,149,186,202,212,244,254,
140,
7,86,90,110,133,135,172,182,208,245,246,259,261,274,
14,20,40,51,61,69,85,99,128,131,146,153,184,232,255,257,268,269,273,282,
3,12,39,47,76,95,98,102,103,117,122,126,137,164,173,185,188,200,226,230,231,232,243,259,271,275,283,
3,10,20,45,72,108,119,145,203,216,225,254,
20,39,64,69,109,153,184,190,196,206,210,212,214,242,246,250,253,254,265,274,
2,28,37,89,126,129,214,
6,20,26,29,34,39,42,106,137,145,146,163,184,185,200,253,254,259,260,268,
7,26,30,32,55,69,87,123,138,139,212,240,257,258,263,264,
40,49,62,142,174,201,264,
7,
12,155,173,189,230,281,
39,40,61,64,69,85,127,135,136,145,149,181,212,254,260,261,
29,34,39,59,72,143,145,153,216,217,238,255,269,
39,49,161,
61,65,79,82,86,87,128,130,152,184,208,213,250,255,
61,97,101,106,149,164,188,214,264,
16,28,48,64,69,87,139,190,208,248,258,265,
45,63,101,213,220,242,244,
28,37,103,138,173,191,217,220,245,253,272,280,
96,208,
2,13,25,34,52,59,76,113,150,163,176,189,204,220,229,254,259,
12,21,120,126,284,
15,23,27,53,64,142,169,177,192,206,214,215,220,242,243,244,247,250,267,
21,49,92,201,243,245,
13,167,
9,21,23,27,49,52,56,80,92,97,111,151,185,199,220,228,229,231,235,239,271,275,283,
32,40,69,105,140,181,240,243,248,257,266,
25,85,102,111,126,127,163,185,191,198,215,228,229,241,242,255,271,284,
30,43,73,89,169,172,175,191,246,261,
124,230,
6,59,61,64,73,108,112,130,131,167,172,179,191,195,202,203,208,217,222,225,246,261,
98,214,224,
57,108,119,120,178,190,278,
73,140,248,266,277,
22,64,114,187,190,211,214,224,261,
20,23,38,67,70,91,95,98,105,117,125,141,162,167,197,205,207,212,223,239,242,254,272,
9,22,34,47,53,59,64,102,163,200,220,224,
29,34,54,68,72,134,163,174,187,203,219,241,251,255,261,275,276,
3,17,37,119,133,138,171,173,197,209,214,221,231,242,244,245,277,278,284,
3,11,12,19,21,38,56,78,80,100,120,129,168,175,189,214,230,239,
8,20,29,73,83,95,98,101,111,113,127,167,184,189,190,204,206,214,215,217,238,272,282,
12,23,34,41,52,98,100,101,112,120,125,162,163,198,203,220,223,225,227,239,
1,17,40,48,69,97,106,113,127,137,163,185,198,206,227,232,252,254,271,
90,163,
17,34,52,95,121,126,163,189,196,214,228,231,234,242,271,275,281,
7,14,35,55,61,67,99,107,132,134,166,182,187,205,245,255,266,
41,59,172,
14,73,96,112,138,153,166,172,203,222,225,246,282,
30,37,67,123,140,178,180,272,
81,158,207,209,250,
43,77,78,82,93,207,212,259,278,284,285,
76,83,125,141,239,
20,24,47,80,103,115,153,167,172,184,206,210,214,217,231,254,255,261,272,
2,65,99,146,217,237,243,252,
22,23,39,52,80,98,156,164,189,214,226,231,236,241,242,271,275,281,
39,63,72,102,162,164,191,192,203,220,231,233,235,253,255,259,269,
8,27,115,136,169,173,183,191,195,208,211,217,245,247,250,259,277,
4,30,40,87,98,112,128,137,140,173,181,186,190,191,195,206,212,242,245,248,256,265,268,272,277,
2,25,175,189,209,
35,83,90,177,259,261,
10,59,135,145,167,195,208,261,267,
20,59,61,99,112,133,146,172,182,208,218,244,255,261,267,
2,50,89,175,222,
12,17,57,75,91,
3,70,94,136,158,189,
107,209,
14,94,
26,48,71,87,140,147,180,192,266,
16,76,95,112,131,171,175,179,191,208,261,
50,58,73,91,95,121,125,129,156,166,173,196,209,214,239,279,
7,32,44,62,67,87,128,180,181,190,208,212,240,248,257,266,
75,93,141,154,201,221,
1,97,190,200,206,207,218,278,279,
38,40,84,88,127,150,154,170,173,204,214,217,219,223,239,276,
4,25,73,95,144,147,149,150,160,161,163,172,173,176,184,185,187,189,206,208,214,218,232,
4,14,20,26,34,44,69,90,111,130,134,143,166,167,169,176,179,186,204,217,222,245,254,255,264,267,
31,60,128,153,245,
1,20,34,40,45,69,105,127,130,138,162,193,212,255,272,277,278,
43,112,246,
16,17,27,38,57,66,91,112,125,129,156,168,189,214,221,223,234,239,242,
4,18,174,266,268,
22,90,122,143,157,162,219,261,
28,116,158,171,261,
64,118,173,245,
14,20,24,40,72,82,99,115,127,137,144,153,167,177,184,186,191,202,213,220,238,244,253,254,255,265,269,272,
166,179,184,217,222,245,285,
61,118,163,193,205,211,217,222,232,282,
3,7,31,46,61,69,86,110,116,130,153,163,167,174,179,182,189,195,202,217,232,254,260,263,
18,40,62,85,123,152,153,174,254,257,
28,41,68,72,112,144,145,164,217,244,
3,
3,10,44,46,51,76,89,94,103,108,113,130,135,137,138,162,163,175,215,217,219,225,242,247,248,253,254,256,259,263,272,
2,13,34,61,81,118,124,125,133,162,163,167,173,184,189,207,214,217,223,227,234,238,242,244,259,
59,132,134,
20,28,36,58,61,68,90,112,113,130,135,163,179,187,219,225,262,
13,14,59,60,65,99,130,133,134,139,146,149,161,218,254,255,
39,41,80,102,109,126,162,163,165,199,215,226,233,235,239,242,244,259,
27,177,192,220,
140,190,265,
20,72,214,263,
5,8,34,80,82,105,109,138,144,165,173,197,202,217,240,244,263,282,
13,44,52,136,188,214,220,231,241,242,250,253,255,268,
20,29,34,39,40,48,59,69,103,105,113,115,127,131,144,163,167,185,191,198,200,213,220,228,229,241,251,253,255,269,272,
12,21,45,57,66,78,88,93,100,112,120,126,154,203,231,233,239,
22,61,224,261,
38,76,88,100,118,124,190,205,217,223,239,242,259,
114,
242,
17,34,38,41,80,83,89,101,113,154,168,173,185,188,199,209,217,239,241,242,244,275,
8,51,58,76,79,94,104,107,162,175,205,209,245,
14,20,31,72,108,138,139,198,201,205,206,216,225,232,249,254,263,264,267,
7,29,40,55,58,61,65,103,127,153,163,167,206,211,212,217,220,226,232,241,248,252,255,275,282,
27,83,89,101,138,183,192,247,
21,49,52,53,56,57,119,151,165,197,201,214,230,231,242,281,
36,50,58,59,61,98,107,124,193,282,
29,40,59,61,65,69,76,77,97,99,126,130,137,142,148,174,198,206,232,248,252,254,255,260,
15,29,44,83,92,101,130,137,177,178,192,202,215,220,245,247,263,266,
26,30,32,44,60,138,153,174,180,186,195,257,264,268,277,
31,40,48,61,69,123,137,180,211,240,249,257,260,264,
4,29,59,60,61,65,127,153,164,190,191,193,194,203,217,242,269,
10,20,33,35,36,58,61,68,72,95,98,103,130,137,146,157,161,163,167,170,180,193,200,203,204,217,218,251,252,254,255,262,269,272,273,
30,87,103,130,139,144,184,186,205,210,212,217,245,264,
67,246,
3,37,70,73,76,107,115,125,189,196,199,204,205,209,214,
30,40,59,62,77,85,110,153,167,179,212,213,240,244,254,258,261,267,
19,29,56,75,76,91,93,101,117,125,126,129,138,154,173,189,195,215,223,239,247,253,256,266,272,
20,29,34,40,41,61,103,105,127,144,145,153,161,167,184,187,216,217,225,247,251,253,255,268,284,
26,29,34,35,40,42,48,69,99,103,130,144,163,180,198,209,225,247,251,254,255,268,272,282,
43,135,267,
54,95,114,160,187,204,224,241,
3,12,83,93,101,
4,12,20,29,61,72,80,103,126,129,162,165,173,184,191,210,214,220,230,244,255,256,266,268,272,281,284,
11,23,24,52,80,97,122,162,163,164,173,188,199,213,217,219,220,226,238,241,275,281,
81,114,124,184,209,214,
92,97,210,255,269,
42,113,133,176,179,254,268,280,
14,73,95,121,171,184,191,194,214,226,279,
4,32,59,61,69,72,76,95,98,103,127,130,149,163,167,194,200,216,225,243,252,255,268,275,
38,49,72,100,
7,60,62,69,84,96,104,105,112,123,140,142,145,153,163,167,172,174,206,216,253,254,255,269,
12,56,66,120,126,129,165,183,184,197,206,214,221,231,244,284,
16,31,208,218,
9,21,35,40,52,61,71,82,92,97,103,106,127,133,143,145,161,166,176,190,255,267,276,278,279,283,
8,15,20,29,34,39,47,97,98,101,103,105,113,163,167,184,199,203,217,241,244,251,253,254,259,
72,
84,130,
7,72,134,
6,9,23,34,49,92,97,98,106,151,163,164,199,228,271,283,
7,22,33,58,61,73,143,166,170,187,204,206,219,
90,
36,51,61,96,98,134,148,160,176,188,203,222,225,244,
25,33,50,54,58,95,143,148,150,157,160,176,185,187,204,219,262,276,
9,20,29,34,40,83,128,144,167,173,178,184,248,253,254,278,
16,30,35,45,51,64,112,133,174,191,208,261,
22,209,
61,72,76,111,114,130,146,163,254,
36,73,95,184,209,214,236,245,248,
30,99,105,139,152,153,174,212,249,258,267,
17,80,95,109,156,189,190,191,231,234,238,242,259,265,279,
7,35,67,104,110,133,166,246,
28,142,246,
125,189,223,
10,14,41,147,174,187,193,219,232,254,276,
1,14,17,29,37,75,98,118,130,168,173,214,223,242,278,
32,48,54,69,87,97,130,169,180,212,218,240,245,248,249,264,268,
36,59,159,163,179,191,195,219,250,276,
27,66,82,86,116,184,202,207,212,242,268,278,
70,130,136,158,194,205,245,250,272,274,277,
6,45,63,90,120,163,242,
5,7,17,76,98,103,107,125,126,127,144,162,163,171,173,181,184,189,196,197,207,210,214,227,231,242,254,260,261,268,278,
2,3,37,70,129,158,173,189,206,245,
52,53,228,244,
135,
22,90,
12,19,56,66,75,88,91,93,125,126,129,155,207,230,239,284,
20,26,105,144,146,250,255,256,270,273,
